insert into team (id, name, foundation_date) values ('393b7796-78d5-4674-9054-deab664b4b99', 'Paris Saint-Germain', '1970-08-12');
insert into player(id, name, surname, birth_date, age, height, weight, num, position, team_id)
values ('393b7796-78d5-4674-9054-deab664b4b86', 'Lionel', 'Messi', '1987-06-24', 35, 170, 72, 30, 'FORWARD', '393b7796-78d5-4674-9054-deab664b4b99');
insert into player(id, name, surname, birth_date, age, height, weight, num, position, team_id)
values ('393b7796-78d5-4674-9054-deab665b4b86', 'Gianluigi', 'Donnarumma', '1999-02-25', 24, 196, 99, 30, 'GOALKEEPER', '393b7796-78d5-4674-9054-deab664b4b99');
insert into player(id, name, surname, birth_date, age, height, weight, num, position, team_id)
values ('393b7796-78d5-4674-9054-deab664e4b86', 'Sergio', 'Ramos', '1986-03-30', 37, 184, 82, 4, 'DEFENDER', '393b7796-78d5-4674-9054-deab664b4b99');
insert into player(id, name, surname, birth_date, age, height, weight, num, position, team_id)
values ('393b7796-78d5-4674-9054-deab764b4b86', 'Kylian', 'Mbappe', '1998-12-20', 24, 178, 82, 7, 'FORWARD', '393b7796-78d5-4674-9054-deab664b4b99');
insert into player(id, name, surname, birth_date, age, height, weight, num, position, team_id)
values ('393b7796-78d5-4674-9054-duab664b4b86', 'Neymar', 'Junior', '1992-02-05', 31, 175, 68, 11, 'FORWARD', '393b7796-78d5-4674-9054-deab664b4b99');
insert into player(id, name, surname, birth_date, age, height, weight, num, position, team_id)
values ('393b7796-78d5-4674-9154-deab664b4b86', 'Marco', 'Verratti', '1992-11-05', 30, 165, 60, 6, 'MIDFIELDER', '393b7796-78d5-4674-9054-deab664b4b99');
insert into player(id, name, surname, birth_date, age, height, weight, num, position, team_id)
values ('393b7796-78d5-4664-9054-deab664b4b86', 'Presnel', 'Kimpembe', '1995-08-13', 27, 183, 79, 3, 'DEFENDER', '393b7796-78d5-4674-9054-deab664b4b99');
insert into player(id, name, surname, birth_date, age, height, weight, num, position, team_id)
values ('393b7796-78d5-1674-9054-deab664b4b86', 'Danilo', 'Pereira', '1991-09-09', 31, 188, 83, 15, 'DEFENDER', '393b7796-78d5-4674-9054-deab664b4b99');
insert into player(id, name, surname, birth_date, age, height, weight, num, position, team_id)
values ('393b7796-79d5-4674-9054-deab664b4b86', 'Marquinhos', 'Correa', '1994-05-14', 29, 183, 79, 5, 'DEFENDER', '393b7796-78d5-4674-9054-deab664b4b99');
insert into player(id, name, surname, birth_date, age, height, weight, num, position, team_id)
values ('393b7396-78d5-4674-9054-deab664b4b86', 'Achraf', 'Hakimi', '1998-11-04', 24, 181, 73, 2, 'DEFENDER', '393b7796-78d5-4674-9054-deab664b4b99');
insert into player(id, name, surname, birth_date, age, height, weight, num, position, team_id)
values ('393b4796-78d5-4674-9054-deab664b4b86', 'Renato', 'Sanches', '1997-08-18', 25, 176, 70, 18, 'MIDFIELDER', '393b7796-78d5-4674-9054-deab664b4b99');
insert into team (id, name, foundation_date) values ('493b7796-78d5-4674-9054-deab664b4b99', 'Real Madrid', '1902-03-06');
insert into player(id, name, surname, birth_date, age, height, weight, num, position, team_id)
values ('493b7796-78d5-4674-9054-deab623b4b86', 'Karim', 'Benzema', '1987-12-19', 35, 185, 81, 9, 'FORWARD', '493b7796-78d5-4674-9054-deab664b4b99');
insert into player(id, name, surname, birth_date, age, height, weight, num, position, team_id)
values ('493b7796-78d5-4674-9054-fdab664b4b86', 'Vinicius', 'Junior', '2000-07-12', 22, 176, 73, 20, 'FORWARD', '493b7796-78d5-4674-9054-deab664b4b99');
insert into player(id, name, surname, birth_date, age, height, weight, num, position, team_id)
values ('493b7796-78d5-4674-9054-deag264b4b86', 'Eden', 'Hazard', '1991-01-07', 32, 175, 74, 7, 'FORWARD', '493b7796-78d5-4674-9054-deab664b4b99');
insert into player(id, name, surname, birth_date, age, height, weight, num, position, team_id)
values ('493b7796-78d5-4674-6819-deab664b4b86', 'Thibaut', 'Courtois', '1992-05-11', 31, 200, 96, 1, 'GOALKEEPER', '493b7796-78d5-4674-9054-deab664b4b99');
insert into player(id, name, surname, birth_date, age, height, weight, num, position, team_id)
values ('493b7796-78d5-6151-9054-deab664b4b86', 'David', 'Alaba', '1992-06-24', 30, 180, 78, 4, 'DEFENDER', '493b7796-78d5-4674-9054-deab664b4b99');
insert into player(id, name, surname, birth_date, age, height, weight, num, position, team_id)
values ('493b7796-95f2-4674-9054-deab664b4b86', 'Dani', 'Carvajal', '1992-01-11', 31, 173, 74, 20, 'DEFENDER', '493b7796-78d5-4674-9054-deab664b4b99');
insert into player(id, name, surname, birth_date, age, height, weight, num, position, team_id)
values ('493b7953-78d5-4674-9054-deab664b4b86', 'Ferland', 'Mendy', '1995-06-08', 28, 180, 73, 23, 'DEFENDER', '493b7796-78d5-4674-9054-deab664b4b99');
insert into player(id, name, surname, birth_date, age, height, weight, num, position, team_id)
values ('493b9466-78d5-4674-9054-deab664b4b86', 'Luka', 'Modrić', '1985-09-09', 37, 172, 66, 10, 'MIDFIELDER', '493b7796-78d5-4674-9054-deab664b4b99');
insert into player(id, name, surname, birth_date, age, height, weight, num, position, team_id)
values ('4942b7796-78d5-4674-9054-deab664b4b86', 'Toni', 'Kroos', '1990-01-04', 33, 183, 76, 8, 'MIDFIELDER', '493b7796-78d5-4674-9054-deab664b4b99');
insert into player(id, name, surname, birth_date, age, height, weight, num, position, team_id)
values ('478b7796-78d5-4674-9054-deab664b4b86', 'Aurelien', 'Tchouameni', '2000-01-27', 23, 187, 81, 18, 'MIDFIELDER', '493b7796-78d5-4674-9054-deab664b4b99');
insert into player(id, name, surname, birth_date, age, height, weight, num, position, team_id)
values ('123b7796-78d5-4674-9054-deab664b4b86', 'Federico', 'Valverde', '1998-07-22', 24, 182, 78, 15, 'MIDFIELDER', '493b7796-78d5-4674-9054-deab664b4b99');
insert into team (id, name, foundation_date) values ('593b7796-78d5-4674-9054-deab664b4b99', 'FC Barcelona', '1899-11-29');
insert into player(id, name, surname, birth_date, age, height, weight, num, position, team_id)
values ('593b7796-78d5-4674-9054-deab825b4b86', 'Robert', 'Lewandowski', '1988-08-21', 34, 185, 81, 9, 'FORWARD', '593b7796-78d5-4674-9054-deab664b4b99');
insert into player(id, name, surname, birth_date, age, height, weight, num, position, team_id)
values ('593b7796-78d5-4674-9054-deab917b4b86', 'Ferran', 'Torres', '2000-02-29', 23, 184, 77, 11, 'FORWARD', '593b7796-78d5-4674-9054-deab664b4b99');
insert into player(id, name, surname, birth_date, age, height, weight, num, position, team_id)
values ('593b7796-78d5-4674-9054-deab017b4b86', 'Ousmane', 'Dembele', '1997-05-15', 26, 178, 67, 7, 'FORWARD', '593b7796-78d5-4674-9054-deab664b4b99');
insert into player(id, name, surname, birth_date, age, height, weight, num, position, team_id)
values ('593b7796-78d5-4674-9054-deab172b4b86', 'Marc-Andre', 'ter Stegen', '1992-04-30', 31, 187, 85, 1, 'GOALKEEPER', '593b7796-78d5-4674-9054-deab664b4b99');
insert into player(id, name, surname, birth_date, age, height, weight, num, position, team_id)
values ('593b7796-78d5-4674-9054-deab016b4b86', 'Jordi', 'Alba', '1989-03-21', 34, 170, 68, 18, 'DEFENDER', '593b7796-78d5-4674-9054-deab664b4b99');
insert into player(id, name, surname, birth_date, age, height, weight, num, position, team_id)
values ('593b7796-78d5-4674-9054-deab183b4b86', 'Joules', 'Kounde', '1998-11-12', 24, 180, 75, 23, 'DEFENDER', '593b7796-78d5-4674-9054-deab664b4b99');
insert into player(id, name, surname, birth_date, age, height, weight, num, position, team_id)
values ('593b7796-78d5-4674-9054-deab928b4b86', 'Andreas', 'Christensen', '1996-04-10', 27, 187, 81, 15, 'DEFENDER', '593b7796-78d5-4674-9054-deab664b4b99');
insert into player(id, name, surname, birth_date, age, height, weight, num, position, team_id)
values ('593b7796-78d5-4674-9054-deab146b4b86', 'Pablo Gavi', 'Gavira', '2004-08-05', 18, 173, 70, 30, 'MIDFIELDER', '593b7796-78d5-4674-9054-deab664b4b99');
insert into player(id, name, surname, birth_date, age, height, weight, num, position, team_id)
values ('593b7796-78d5-4674-9054-deab633b4b86', 'Pedro Pedri', 'Lopez', '2002-11-25', 20, 174, 60, 8, 'MIDFIELDER', '593b7796-78d5-4674-9054-deab664b4b99');
insert into player(id, name, surname, birth_date, age, height, weight, num, position, team_id)
values ('593b7796-78d5-4674-9054-deab960b4b86', 'Sergio', 'Busquets Burgos', '1988-07-16', 34, 189, 76, 5, 'MIDFIELDER', '593b7796-78d5-4674-9054-deab664b4b99');
insert into player(id, name, surname, birth_date, age, height, weight, num, position, team_id)
values ('593b7796-78d5-4674-9054-deab521b4b86', 'Frenkie', 'de Jong', '1997-05-12', 26, 180, 74, 21, 'MIDFIELDER', '593b7796-78d5-4674-9054-deab664b4b99');
insert into team (id, name, foundation_date) values ('693b7796-78d5-4674-9054-deab664b4b99', 'Atletico Madryt', '1903-04-26');
insert into player(id, name, surname, birth_date, age, height, weight, num, position, team_id)
values ('693b7796-78d5-9785-9054-deab664b4b86', 'Antoine', 'Griezmann', '1991-03-21', 32, 176, 73, 8, 'FORWARD', '693b7796-78d5-4674-9054-deab664b4b99');
insert into player(id, name, surname, birth_date, age, height, weight, num, position, team_id)
values ('693b7796-78d5-9351-9054-deab664b4b86', 'Alvaro', 'Morata', '1992-10-23', 30, 190, 84, 19, 'FORWARD', '693b7796-78d5-4674-9054-deab664b4b99');
insert into player(id, name, surname, birth_date, age, height, weight, num, position, team_id)
values ('693b7796-78d5-1725-9054-deab664b4b86', 'Memphis', 'Depay', '1994-02-13', 29, 178, 78, 9, 'FORWARD', '693b7796-78d5-4674-9054-deab664b4b99');
insert into player(id, name, surname, birth_date, age, height, weight, num, position, team_id)
values ('693b7796-78d5-0682-9054-deab664b4b86', 'Jan', 'Oblak', '1993-01-07', 30, 188, 87, 13, 'GOALKEEPER', '693b7796-78d5-4674-9054-deab664b4b99');
insert into player(id, name, surname, birth_date, age, height, weight, num, position, team_id)
values ('693b7796-78d5-2970-9054-deab664b4b86', 'Stefan', 'Savić', '1991-01-08', 32, 188, 73, 15, 'DEFENDER', '693b7796-78d5-4674-9054-deab664b4b99');
insert into player(id, name, surname, birth_date, age, height, weight, num, position, team_id)
values ('693b7796-78d5-8637-9054-deab664b4b86', 'Jose Maria', 'Gimenez', '1995-01-20', 28, 185, 80, 2, 'DEFENDER', '693b7796-78d5-4674-9054-deab664b4b99');
insert into player(id, name, surname, birth_date, age, height, weight, num, position, team_id)
values ('693b7796-78d5-9683-9054-deab664b4b86', 'Mario', 'Hermoso', '1995-07-18', 27, 184, 75, 22, 'DEFENDER', '693b7796-78d5-4674-9054-deab664b4b99');
insert into player(id, name, surname, birth_date, age, height, weight, num, position, team_id)
values ('693b7796-78d5-1089-9054-deab664b4b86', 'Nahuel', 'Molina', '1998-04-06', 25, 175, 70, 16, 'DEFENDER', '693b7796-78d5-4674-9054-deab664b4b99');
insert into player(id, name, surname, birth_date, age, height, weight, num, position, team_id)
values ('693b7796-78d5-1242-9054-deab664b4b86', 'Yannick Ferreira', 'Carrasco', '1993-09-04', 29, 181, 71, 21, 'MIDFIELDER', '693b7796-78d5-4674-9054-deab664b4b99');
insert into player(id, name, surname, birth_date, age, height, weight, num, position, team_id)
values ('693b7796-78d5-7583-9054-deab664b4b86', 'Rodrigo', 'de Paul', '1994-05-24', 29, 180, 70, 5, 'MIDFIELDER', '693b7796-78d5-4674-9054-deab664b4b99');
insert into player(id, name, surname, birth_date, age, height, weight, num, position, team_id)
values ('693b7796-78d5-8765-9054-deab664b4b86', 'Marcos', 'Llorente', '1995-01-30', 28, 184, 74, 14, 'MIDFIELDER', '693b7796-78d5-4674-9054-deab664b4b99');
insert into match(id, result, host, guest, game_date, name)
values ('693b7796-78d5-8765-9054-deab664b4b86', '1:0', 'Paris Saint-Germain', 'Atletico Madryt', '2023-06-01', 'premier league final');
insert into activity(id, timestamp, activity_type, player, match_id)
values ('693b7796-78d5-8765-9054-deab664b4b86', 89, 'GOAL', 'Lionel Messi', '693b7796-78d5-8765-9054-deab664b4b86');
insert into activity(id, timestamp, activity_type, player, match_id)
values ('693b7796-78d5-9683-9054-deab664b4b86', 12, 'FAUL', 'Lionel Messi', '693b7796-78d5-8765-9054-deab664b4b86');
insert into activity(id, timestamp, activity_type, player, match_id)
values ('693b7796-78d5-8765-9124-deab664b4b86', 15, 'FAUL', 'Sergio Ramos', '693b7796-78d5-8765-9054-deab664b4b86');
insert into activity(id, timestamp, activity_type, player, match_id)
values ('693b7796-78d5-8765-9054-dea2h3db4b86', 64, 'FAUL', 'Kylian Mbappe', '693b7796-78d5-8765-9054-deab664b4b86');
insert into activity(id, timestamp, activity_type, player, match_id)
values ('693b7796-78d5-8765-9054-dea3h5d24b86', 31, 'RED_CARD', 'Lionel Messi', '693b7796-78d5-8765-9054-deab664b4b86');
insert into activity(id, timestamp, activity_type, player, match_id)
values ('693b7796-78d5-8765-9054-deab664r35g6', 50, 'RED_CARD', 'Sergio Ramos', '693b7796-78d5-8765-9054-deab664b4b86');
insert into activity(id, timestamp, activity_type, player, match_id)
values ('693b7796-78d5-8765-9054-deaf3g3b4b86', 64, 'YELLOW_CARD', 'Kylian Mbappe', '693b7796-78d5-8765-9054-deab664b4b86');
insert into activity(id, timestamp, activity_type, player, match_id)
values ('693b7796-78d5-8765-9054-f4g3664b4b86', 25, 'YELLOW_CARD', 'Antoine Griezmann', '693b7796-78d5-8765-9054-deab664b4b86');
insert into activity(id, timestamp, activity_type, player, match_id)
values ('693b7796-78d5-8765-9054-d356yb4b4b86', 76, 'YELLOW_CARD', 'Alvaro Morata', '693b7796-78d5-8765-9054-deab664b4b86');
insert into activity(id, timestamp, activity_type, player, match_id)
values ('693b7796-78d5-8765-9054-deabgr454b86', 66, 'YELLOW_CARD', 'Mario Hermoso', '693b7796-78d5-8765-9054-deab664b4b86');
